Loan_ID,Gender,Married,Dependents,Education,Self_Employed,ApplicantIncome,CoapplicantIncome,LoanAmount,Loan_Amount_Term,Credit_History,Property_Area,Loan_Status
LP100000,Male,No,3+,Graduate,No,9072,0,9.0,360,0.0,Semiurban,N
LP100001,Female,No,0,Graduate,No,13389,0,9.0,60,1.0,Semiurban,Y
LP100002,Male,Yes,2,Not Graduate,No,7358,2020,9.0,360,0.0,Urban,N
LP100003,Male,Yes,0,Graduate,No,11176,513,9.0,360,1.0,Urban,Y
LP100004,Male,No,0,Graduate,No,6610,0,9.0,360,0.0,Semiurban,N
LP100005,,No,0,Graduate,No,6935,0,9.0,360,1.0,Rural,Y
LP100006,Male,Yes,1,Not Graduate,,6804,1812,9.0,360,0.0,Rural,N
LP100007,Female,Yes,0,Graduate,No,7675,4977,9.0,300,1.0,Urban,N
LP100008,Male,Yes,2,Graduate,No,9669,3362,9.0,360,1.0,Urban,Y
LP100009,Male,Yes,0,Not Graduate,No,6000,955,9.0,180,0.0,Rural,N
LP100010,Male,Yes,3+,Not Graduate,No,5097,159,9.0,300,,Semiurban,N
LP100011,Female,Yes,0,Not Graduate,,9959,2882,9.0,360,1.0,Rural,Y
LP100012,Female,Yes,2,Not Graduate,No,9692,1857,9.0,360,1.0,Urban,Y
LP100013,Male,No,2,Graduate,No,11851,0,9.0,360,0.0,Semiurban,Y
LP100014,Male,Yes,2,Graduate,No,5676,3298,9.0,300,1.0,Semiurban,Y
LP100015,,Yes,2,Graduate,No,6526,3598,9.0,180,1.0,Semiurban,Y
LP100016,Male,No,2,Not Graduate,No,10101,0,,360,1.0,Semiurban,Y
LP100017,Male,No,1,Graduate,No,5976,0,9.0,360,1.0,Urban,Y
LP100018,Male,Yes,0,Graduate,No,8930,2690,9.0,360,1.0,Semiurban,Y
LP100019,Male,Yes,0,Graduate,No,6621,2793,9.0,300,1.0,Urban,Y
LP100020,Male,Yes,3+,Graduate,Yes,7983,2398,9.0,360,1.0,Semiurban,Y
LP100021,Male,Yes,1,Graduate,No,4621,4670,9.0,360,0.0,Rural,N
LP100022,Male,Yes,2,Not Graduate,Yes,7324,2775,9.0,120,1.0,Semiurban,Y
LP100023,Male,Yes,0,Not Graduate,No,2374,3271,9.0,360,1.0,Rural,N
LP100024,Male,Yes,0,Graduate,No,10844,2519,9.0,360,,Urban,Y
LP100025,Female,Yes,0,Graduate,No,9367,1082,9.0,360,1.0,Semiurban,Y
LP100026,Male,Yes,1,Graduate,No,4983,1409,9.0,360,1.0,Rural,N
LP100027,Male,Yes,0,Graduate,No,12961,926,9.0,360,1.0,Urban,Y
LP100028,Male,Yes,0,Not Graduate,No,10590,3828,9.0,,1.0,Urban,Y
LP100029,Male,Yes,0,Graduate,No,4694,689,9.0,360,1.0,Semiurban,Y
LP100030,Male,Yes,0,Graduate,No,5838,1950,9.0,360,1.0,Urban,Y
LP100031,Male,No,1,Not Graduate,No,4783,0,9.0,360,1.0,Semiurban,N
LP100032,Male,Yes,0,Graduate,,8064,1665,9.0,360,1.0,Rural,Y
LP100033,Female,No,2,Graduate,No,5748,0,9.0,360,1.0,Semiurban,Y
LP100034,Female,No,0,Graduate,No,3462,0,9.0,180,1.0,Urban,Y
LP100035,Female,Yes,0,Graduate,No,6924,484,9.0,120,1.0,Semiurban,Y
LP100036,Male,Yes,0,Graduate,No,9810,4346,,360,1.0,Semiurban,Y
LP100037,Male,Yes,0,Graduate,No,7379,1853,9.0,360,1.0,Urban,Y
LP100038,Male,Yes,0,Graduate,No,8630,3465,9.0,,1.0,Semiurban,Y
LP100039,Male,No,0,Not Graduate,,7634,0,9.0,60,1.0,Semiurban,Y
LP100040,Male,Yes,1,Graduate,No,9222,996,9.0,360,1.0,Semiurban,Y
LP100041,Male,Yes,0,Graduate,No,7882,4579,9.0,180,1.0,Urban,Y
LP100042,Male,Yes,1,Graduate,No,6788,4187,9.0,360,0.0,Semiurban,Y
LP100043,Female,Yes,2,Graduate,No,7346,1049,9.0,300,0.0,Urban,N
LP100044,Male,Yes,2,Graduate,No,12022,3010,9.0,360,1.0,Urban,Y
LP100045,Male,Yes,0,Graduate,No,8810,1452,9.0,180,1.0,Rural,Y
LP100046,Male,Yes,0,Graduate,No,4977,712,9.0,360,1.0,Semiurban,Y
LP100047,Male,No,0,Not Graduate,No,7303,0,9.0,360,1.0,Urban,N
LP100048,Male,Yes,0,Graduate,,8012,4430,9.0,360,1.0,Urban,Y
LP100049,Male,Yes,3+,Graduate,Yes,6707,3513,9.0,180,1.0,Urban,Y
LP100050,Female,Yes,0,Not Graduate,No,3467,1772,9.0,360,1.0,Urban,N
LP100051,Male,Yes,0,Graduate,No,5153,4442,9.0,60,1.0,Urban,Y
LP100052,Female,Yes,1,Graduate,No,6095,4008,9.0,300,1.0,Urban,Y
LP100053,Female,Yes,1,Graduate,No,13557,1270,9.0,,1.0,Semiurban,Y
LP100054,Male,Yes,1,Graduate,Yes,8457,5049,9.0,120,1.0,Semiurban,Y
LP100055,Female,Yes,0,Graduate,No,3970,1683,9.0,360,1.0,Semiurban,Y
LP100056,Male,Yes,0,Graduate,No,6861,1832,9.0,360,1.0,Semiurban,Y
LP100057,Male,No,0,Not Graduate,No,11288,0,9.0,360,1.0,Urban,N
LP100058,Male,Yes,0,Graduate,No,5719,1434,9.0,360,1.0,Rural,Y
LP100059,Male,Yes,0,Graduate,No,10246,1959,9.0,180,1.0,Rural,Y
LP100060,Male,Yes,0,Graduate,Yes,4013,2561,9.0,360,1.0,Rural,Y
LP100061,Male,No,0,Graduate,No,2499,0,9.0,360,1.0,Rural,N
LP100062,Female,Yes,,Graduate,No,10823,1310,9.0,360,1.0,Rural,Y
LP100063,Male,Yes,,Graduate,No,5983,5111,,360,0.0,Semiurban,Y
LP100064,Male,No,1,Not Graduate,No,3517,0,9.0,360,1.0,Urban,N
LP100065,Male,No,1,Graduate,Yes,6152,0,9.0,120,1.0,Semiurban,Y
LP100066,Male,No,2,Graduate,No,7608,0,9.0,360,1.0,Semiurban,Y
LP100067,Female,Yes,0,Graduate,No,8347,2606,9.0,360,0.0,Semiurban,N
LP100068,Male,Yes,0,Graduate,No,2809,3048,9.0,360,1.0,Semiurban,Y
LP100069,Female,No,0,Not Graduate,No,5561,0,,360,0.0,Urban,N
LP100070,Male,No,1,Not Graduate,No,7254,0,9.0,300,,Urban,Y
LP100071,Male,Yes,1,Graduate,No,8340,1529,9.0,360,1.0,Rural,Y
LP100072,Male,Yes,0,Graduate,Yes,4957,2468,9.0,180,0.0,Semiurban,N
LP100073,Female,Yes,3+,Graduate,No,6581,2248,9.0,360,,Semiurban,Y
LP100074,Male,No,0,Not Graduate,No,5713,0,9.0,360,1.0,Urban,N
LP100075,Male,Yes,0,Graduate,No,7702,2898,9.0,84,1.0,Urban,Y
LP100076,Male,Yes,1,Graduate,No,10674,1568,9.0,180,1.0,Rural,Y
LP100077,Male,Yes,2,Graduate,Yes,6273,2150,9.0,360,1.0,Semiurban,Y
LP100078,Male,Yes,1,Graduate,No,4244,2824,9.0,360,1.0,Rural,Y
LP100079,Male,Yes,2,Graduate,No,5455,1616,9.0,360,1.0,Semiurban,Y
LP100080,Female,Yes,0,Graduate,No,12909,3347,9.0,360,1.0,Semiurban,Y
LP100081,Male,Yes,2,Graduate,No,5160,3699,9.0,180,0.0,Urban,N
LP100082,Male,Yes,0,Not Graduate,No,4526,1332,9.0,180,1.0,Semiurban,Y
LP100083,Male,Yes,2,Graduate,No,6136,1561,9.0,360,1.0,Semiurban,Y
LP100084,Male,Yes,0,Graduate,,6861,1104,9.0,300,1.0,Semiurban,Y
LP100085,Male,Yes,2,Graduate,No,5837,2121,9.0,360,1.0,Semiurban,Y
LP100086,Male,Yes,0,Graduate,No,4020,2560,9.0,360,1.0,Rural,Y
LP100087,Male,Yes,1,Graduate,No,7976,1716,9.0,360,0.0,Urban,N
LP100088,Female,Yes,0,Graduate,,7704,2518,9.0,360,1.0,Rural,N
LP100089,Male,Yes,1,Graduate,No,9095,1535,9.0,360,1.0,Urban,Y
LP100090,Male,Yes,0,Graduate,Yes,7641,1567,9.0,360,1.0,Semiurban,Y
LP100091,Male,No,0,Graduate,No,12485,0,9.0,360,,Urban,Y
LP100092,Male,Yes,0,Graduate,No,9359,1634,9.0,360,0.0,Urban,N
LP100093,Male,No,0,Not Graduate,Yes,8659,0,9.0,180,1.0,Semiurban,Y
LP100094,Male,Yes,2,Graduate,No,10824,2693,9.0,360,1.0,Urban,Y
LP100095,Male,No,0,Not Graduate,Yes,7472,0,9.0,360,1.0,Semiurban,N
LP100096,Male,No,3+,Graduate,No,6632,0,9.0,180,1.0,Rural,Y
LP100097,Male,Yes,0,Graduate,No,7943,3912,9.0,300,1.0,Urban,Y
LP100098,Male,Yes,0,Graduate,Yes,3412,672,9.0,60,1.0,Rural,Y
LP100099,Male,Yes,2,Graduate,No,7481,123,9.0,360,1.0,Semiurban,Y
LP100100,Male,Yes,1,Not Graduate,No,6859,2970,9.0,360,1.0,Semiurban,Y
LP100101,Male,No,0,Graduate,No,8260,0,9.0,360,1.0,Urban,Y
LP100102,Male,No,1,Not Graduate,Yes,10258,0,9.0,360,0.0,Urban,N
LP100103,Male,No,1,Graduate,No,8753,0,9.0,300,0.0,Urban,N
LP100104,Female,Yes,0,Graduate,No,5460,1415,9.0,360,1.0,Urban,Y
LP100105,Male,No,3+,Graduate,No,9624,0,9.0,360,1.0,Urban,Y
LP100106,Male,No,3+,Graduate,Yes,12557,0,9.0,360,1.0,Semiurban,Y
LP100107,Male,Yes,1,Graduate,Yes,10359,1816,9.0,360,1.0,Rural,Y
LP100108,Male,Yes,0,Graduate,No,4372,1505,9.0,180,1.0,Rural,Y
LP100109,,No,1,Graduate,No,8719,0,9.0,,1.0,Semiurban,Y
LP100110,Male,Yes,0,Graduate,No,4596,510,9.0,360,0.0,Urban,N
LP100111,Male,No,0,Graduate,,6398,0,9.0,360,0.0,Urban,N
LP100112,Female,Yes,0,Not Graduate,No,8170,2949,9.0,360,1.0,Urban,N
LP100113,,No,0,Not Graduate,No,7778,0,9.0,360,1.0,Urban,N
LP100114,Male,Yes,2,Graduate,No,10282,1564,9.0,360,1.0,Semiurban,Y
LP100115,Female,Yes,1,Graduate,No,12581,2586,9.0,360,1.0,Semiurban,Y
LP100116,,Yes,1,Graduate,No,8472,538,9.0,360,1.0,Urban,Y
LP100117,Male,No,0,Not Graduate,No,6222,0,9.0,300,1.0,Urban,N
LP100118,Female,No,0,Graduate,No,3465,0,9.0,300,0.0,Rural,N
LP100119,Male,Yes,0,Graduate,No,11260,5624,9.0,60,1.0,Rural,Y
LP100120,Female,Yes,3+,Not Graduate,No,6872,2730,9.0,360,1.0,Urban,Y
LP100121,Female,No,0,Graduate,No,7003,0,9.0,360,1.0,Rural,Y
LP100122,Male,Yes,,Graduate,No,7208,4439,9.0,360,1.0,Rural,Y
LP100123,Male,No,,Graduate,No,8329,0,9.0,300,1.0,Urban,Y
LP100124,Male,Yes,0,Graduate,,8419,934,9.0,84,0.0,Urban,N
LP100125,Male,Yes,1,Graduate,No,6434,4651,9.0,120,1.0,Semiurban,Y
LP100126,Female,Yes,0,Graduate,No,6847,2033,9.0,360,1.0,Rural,Y
LP100127,Female,Yes,2,Graduate,No,5678,1452,9.0,60,1.0,Rural,Y
LP100128,Male,No,2,Graduate,No,5459,0,9.0,360,1.0,Urban,Y
LP100129,Male,Yes,0,Not Graduate,No,5449,2355,9.0,360,0.0,Semiurban,N
LP100130,Male,Yes,0,Graduate,Yes,6818,3869,9.0,360,,Semiurban,N
LP100131,Male,No,1,Graduate,No,5082,0,9.0,360,0.0,Semiurban,N
LP100132,Male,Yes,3+,Graduate,No,2439,2454,9.0,360,1.0,Urban,Y
LP100133,Male,Yes,0,Not Graduate,No,6183,3792,9.0,360,1.0,Rural,Y
LP100134,Female,No,1,Graduate,No,4466,0,9.0,360,1.0,Semiurban,Y
LP100135,Male,Yes,1,Graduate,No,7388,1171,9.0,360,1.0,Rural,N
LP100136,,Yes,1,Not Graduate,No,5670,3287,9.0,120,1.0,Rural,Y
LP100137,Male,No,0,Not Graduate,No,8367,0,9.0,360,1.0,Semiurban,Y
LP100138,Male,Yes,1,Graduate,No,4609,2536,9.0,360,1.0,Semiurban,Y
LP100139,Female,Yes,2,Not Graduate,No,3676,444,9.0,180,1.0,Semiurban,Y
LP100140,Female,Yes,0,Graduate,No,6853,1965,9.0,300,1.0,Urban,Y
LP100141,Male,No,0,Graduate,No,6089,0,9.0,360,1.0,Semiurban,Y
LP100142,Male,Yes,3+,Graduate,No,4333,432,9.0,360,1.0,Urban,Y
LP100143,Male,Yes,0,Graduate,Yes,9362,2004,9.0,360,1.0,Semiurban,Y
LP100144,Male,No,2,Graduate,No,4883,0,9.0,360,1.0,Urban,Y
LP100145,Male,No,0,Graduate,Yes,5367,0,9.0,360,1.0,Urban,Y
LP100146,Male,Yes,0,Graduate,No,10028,4035,9.0,120,1.0,Urban,Y
LP100147,Male,Yes,2,Graduate,No,8546,3674,9.0,360,1.0,Urban,Y
LP100148,Male,Yes,0,Graduate,Yes,4699,1590,9.0,180,1.0,Semiurban,Y
LP100149,Male,No,0,Graduate,No,6286,0,9.0,120,1.0,Semiurban,Y
LP100150,Female,Yes,0,Graduate,Yes,4535,2869,9.0,300,0.0,Semiurban,N
LP100151,Male,Yes,1,Graduate,No,9751,1619,9.0,360,1.0,Urban,Y
LP100152,Male,No,0,Graduate,No,9748,0,9.0,300,1.0,Urban,Y
LP100153,Male,No,0,Graduate,Yes,13308,0,9.0,360,1.0,Urban,Y
LP100154,Female,Yes,3+,Not Graduate,No,15341,4130,9.0,360,1.0,Urban,N
LP100155,Male,No,0,Graduate,Yes,5647,0,9.0,360,0.0,Rural,N
LP100156,Male,Yes,1,Graduate,No,9158,1088,9.0,360,1.0,Urban,Y
LP100157,Male,No,0,Graduate,No,3499,0,9.0,180,0.0,Urban,N
LP100158,Male,Yes,2,Graduate,No,7594,1097,9.0,360,,Urban,N
LP100159,Male,Yes,0,Graduate,Yes,8277,3191,9.0,360,1.0,Urban,Y
LP100160,Male,No,3+,Not Graduate,No,4976,0,9.0,360,1.0,Semiurban,Y
LP100161,Male,Yes,0,Graduate,No,5522,3240,9.0,360,1.0,Semiurban,Y
LP100162,Male,Yes,0,Graduate,No,9773,2192,9.0,360,1.0,Urban,N
LP100163,Male,No,0,Graduate,No,8353,0,9.0,180,1.0,Urban,Y
LP100164,Male,No,0,Graduate,No,12629,0,9.0,360,,Semiurban,Y
LP100165,Female,Yes,0,Graduate,No,12050,3736,9.0,360,1.0,Urban,Y
LP100166,Male,No,0,Graduate,No,3810,0,9.0,360,1.0,Urban,Y
LP100167,Male,Yes,2,Graduate,No,5848,1723,9.0,360,1.0,Rural,Y
LP100168,,Yes,0,Graduate,No,4795,4158,9.0,360,0.0,Semiurban,Y
LP100169,Male,Yes,0,Graduate,No,9302,1013,9.0,360,1.0,Semiurban,Y
LP100170,Male,Yes,1,Not Graduate,Yes,7868,1446,9.0,60,0.0,Semiurban,N
LP100171,Male,No,1,Graduate,No,4910,0,9.0,360,1.0,Semiurban,Y
LP100172,Male,Yes,0,Graduate,No,5179,3153,9.0,360,1.0,Semiurban,Y
LP100173,Male,Yes,0,Graduate,No,11004,953,,360,1.0,Semiurban,Y
LP100174,Male,Yes,0,Graduate,No,6085,2813,9.0,120,1.0,Semiurban,Y
LP100175,Male,No,1,Not Graduate,No,3319,0,,360,1.0,Urban,Y
LP100176,Male,Yes,1,Graduate,Yes,4757,414,9.0,360,1.0,Semiurban,Y
LP100177,Male,Yes,0,Graduate,No,13660,1745,,180,1.0,Semiurban,Y
LP100178,Female,Yes,2,Not Graduate,No,10139,5825,9.0,360,1.0,Rural,Y
LP100179,Male,Yes,2,Graduate,No,4436,3772,9.0,360,1.0,Semiurban,Y
LP100180,Male,Yes,1,Not Graduate,No,7593,2072,9.0,360,0.0,Semiurban,N
LP100181,Male,No,2,Graduate,No,9900,0,9.0,360,1.0,Urban,Y
LP100182,Female,No,0,Graduate,No,3793,0,9.0,360,1.0,Semiurban,Y
LP100183,Female,Yes,0,Graduate,No,10317,2196,9.0,360,1.0,Urban,Y
LP100184,Male,No,0,Graduate,No,8324,0,9.0,360,0.0,Urban,N
LP100185,Male,No,0,Not Graduate,Yes,5406,0,9.0,360,1.0,Urban,N
LP100186,Female,No,0,Graduate,No,8814,0,9.0,,,Semiurban,Y
LP100187,Male,Yes,3+,Graduate,No,7909,3151,9.0,60,1.0,Urban,Y
LP100188,Male,Yes,0,Graduate,Yes,8108,2515,9.0,120,1.0,Semiurban,N
LP100189,Male,Yes,0,Graduate,,7493,4107,9.0,180,1.0,Rural,Y
LP100190,Male,Yes,0,Graduate,No,5112,1518,9.0,360,0.0,Urban,N
LP100191,Female,No,3+,Not Graduate,No,5449,0,9.0,360,1.0,Semiurban,N
LP100192,Female,No,0,Graduate,No,6505,0,9.0,360,1.0,Semiurban,Y
LP100193,Male,No,0,Graduate,No,7220,0,9.0,360,1.0,Urban,Y
LP100194,Male,Yes,0,Graduate,No,9008,3714,,84,1.0,Rural,Y
LP100195,Male,Yes,0,Graduate,No,13790,3093,9.0,360,0.0,Urban,N
LP100196,Male,No,3+,Graduate,No,7722,0,9.0,360,1.0,Semiurban,Y
LP100197,Female,No,3+,Graduate,Yes,8949,0,9.0,360,1.0,Semiurban,Y
LP100198,Female,Yes,0,Not Graduate,No,9710,2345,9.0,360,1.0,Semiurban,Y
LP100199,Male,No,3+,Graduate,No,9185,0,9.0,360,1.0,Semiurban,Y
LP100200,Male,No,1,Graduate,No,5045,0,9.0,360,1.0,Urban,Y
LP100201,Male,Yes,2,Graduate,No,11400,1647,9.0,360,1.0,Urban,Y
LP100202,Male,Yes,0,Not Graduate,,10714,2330,9.0,300,1.0,Semiurban,Y
LP100203,Female,Yes,0,Graduate,No,7455,2993,9.0,360,1.0,Semiurban,Y
LP100204,Male,Yes,0,Graduate,No,5150,2586,9.0,300,1.0,Rural,Y
LP100205,Male,Yes,1,Graduate,No,7178,1510,9.0,120,1.0,Rural,Y
LP100206,Male,No,0,Graduate,No,3949,0,9.0,360,1.0,Rural,N
LP100207,Male,Yes,0,Graduate,No,11971,1105,9.0,180,1.0,Semiurban,Y
LP100208,Male,Yes,0,Graduate,No,5625,3878,,360,1.0,Urban,Y
LP100209,Male,Yes,1,Graduate,No,6386,3617,9.0,60,0.0,Rural,N
LP100210,Male,Yes,0,Graduate,Yes,11641,2835,9.0,360,1.0,Semiurban,Y
LP100211,Male,No,1,Not Graduate,,11105,0,9.0,360,,Urban,N
LP100212,Male,Yes,3+,Not Graduate,No,8023,1974,9.0,360,0.0,Rural,N
LP100213,Male,Yes,0,Graduate,No,12667,3442,9.0,360,1.0,Rural,Y
LP100214,Male,No,1,Graduate,No,4989,0,9.0,84,1.0,Semiurban,Y
LP100215,Male,Yes,0,Graduate,No,8024,3495,9.0,360,0.0,Urban,N
LP100216,Male,Yes,2,Graduate,No,5004,1028,9.0,360,1.0,Semiurban,Y
LP100217,Male,Yes,0,Graduate,No,10466,251,9.0,360,1.0,Rural,Y
LP100218,Male,Yes,1,Graduate,No,10327,2494,9.0,60,1.0,Rural,Y
LP100219,Female,Yes,2,Graduate,No,13019,1707,9.0,360,1.0,Urban,Y
LP100220,Male,Yes,3+,Not Graduate,No,7099,350,9.0,360,1.0,Urban,N
LP100221,Male,Yes,1,Graduate,Yes,14435,4230,9.0,360,1.0,Rural,Y
LP100222,Male,No,0,Graduate,Yes,4860,0,9.0,360,1.0,Semiurban,Y
LP100223,Male,Yes,1,Not Graduate,No,6961,2625,9.0,360,1.0,Semiurban,Y
LP100224,Male,Yes,2,Graduate,No,4920,1209,9.0,360,1.0,Rural,Y
LP100225,Male,Yes,1,Graduate,No,7624,550,9.0,360,,Urban,Y
LP100226,Female,Yes,0,Graduate,Yes,5068,345,9.0,180,1.0,Semiurban,Y
LP100227,Male,No,3+,Graduate,No,10477,0,9.0,360,0.0,Urban,Y
LP100228,Female,Yes,1,Graduate,No,8424,3178,9.0,360,,Urban,Y
LP100229,Male,No,1,Graduate,Yes,4719,0,9.0,360,1.0,Rural,N
LP100230,Female,Yes,0,Graduate,Yes,9555,2856,9.0,120,1.0,Semiurban,Y
LP100231,Male,Yes,,Not Graduate,No,12315,2939,9.0,60,,Rural,N
LP100232,Male,Yes,0,Not Graduate,No,8724,3151,9.0,360,1.0,Semiurban,Y
LP100233,Male,No,1,Not Graduate,No,4253,0,9.0,360,0.0,Urban,N
LP100234,Male,Yes,0,Graduate,No,6723,1285,9.0,360,1.0,Urban,Y
LP100235,Male,Yes,1,Graduate,No,9137,2825,9.0,360,0.0,Urban,N
LP100236,Male,Yes,3+,Not Graduate,Yes,6494,4747,9.0,360,1.0,Urban,N
LP100237,Male,No,0,Graduate,No,4838,0,9.0,360,1.0,Urban,N
LP100238,Male,Yes,3+,Graduate,No,10932,2545,9.0,360,1.0,Urban,Y
LP100239,Male,No,0,Graduate,No,6395,0,9.0,60,0.0,Semiurban,N
LP100240,Female,Yes,2,Graduate,No,12318,2533,9.0,360,1.0,Semiurban,Y
LP100241,Female,Yes,2,Not Graduate,No,5859,681,9.0,360,1.0,Semiurban,Y
LP100242,Female,Yes,1,Graduate,No,6262,3120,,360,,Semiurban,N
LP100243,Male,Yes,1,Graduate,No,5697,4093,9.0,360,1.0,Urban,Y
LP100244,Male,Yes,2,Graduate,No,6682,5576,9.0,360,1.0,Urban,Y
LP100245,Female,Yes,0,Graduate,No,8374,1462,9.0,360,0.0,Semiurban,Y
LP100246,Male,No,0,Not Graduate,Yes,4925,0,9.0,360,1.0,Semiurban,Y
LP100247,Female,Yes,1,Graduate,Yes,4611,3448,9.0,360,1.0,Urban,Y
LP100248,Female,Yes,2,Graduate,No,3766,2727,9.0,60,1.0,Rural,Y
LP100249,Female,Yes,2,Not Graduate,No,3618,2584,9.0,360,1.0,Rural,N
LP100250,Male,Yes,2,Graduate,Yes,4270,4288,9.0,360,1.0,Semiurban,Y
LP100251,Male,Yes,0,Graduate,No,5844,3440,9.0,360,1.0,Urban,N
LP100252,Female,Yes,2,Graduate,Yes,7574,2878,9.0,360,1.0,Rural,Y
LP100253,Male,Yes,0,Not Graduate,No,8204,1586,9.0,,1.0,Semiurban,Y
LP100254,Male,No,0,Graduate,No,7447,0,9.0,180,0.0,Rural,N
LP100255,Male,No,0,Graduate,No,11766,0,9.0,84,,Semiurban,N
LP100256,Female,Yes,0,Not Graduate,No,13213,2529,9.0,60,,Rural,Y
LP100257,Male,Yes,0,Graduate,,6406,2089,9.0,360,1.0,Semiurban,Y
LP100258,Male,Yes,0,Not Graduate,Yes,4953,655,9.0,120,0.0,Urban,N
LP100259,Male,Yes,1,Graduate,No,14796,2731,9.0,360,1.0,Semiurban,Y
LP100260,Male,Yes,0,Graduate,No,10788,1464,9.0,360,1.0,Semiurban,Y
LP100261,Female,Yes,0,Graduate,No,10484,2693,9.0,360,0.0,Semiurban,N
LP100262,Male,No,0,Not Graduate,No,5762,0,9.0,120,1.0,Urban,Y
LP100263,Male,No,0,Graduate,Yes,9644,0,9.0,360,1.0,Urban,Y
LP100264,Female,Yes,0,Not Graduate,No,7468,5161,9.0,360,1.0,Rural,Y
LP100265,Male,Yes,0,Not Graduate,No,6910,923,9.0,360,1.0,Semiurban,Y
LP100266,Male,Yes,1,Graduate,No,6906,1110,9.0,360,1.0,Rural,Y
LP100267,Male,No,1,Not Graduate,No,8516,0,9.0,360,,Semiurban,Y
LP100268,,Yes,1,Graduate,No,11915,1866,9.0,300,1.0,Semiurban,Y
LP100269,Male,Yes,0,Graduate,No,15293,2668,9.0,360,1.0,Semiurban,Y
LP100270,Female,No,0,Graduate,Yes,6116,0,9.0,360,1.0,Rural,Y
LP100271,Female,Yes,2,Not Graduate,No,7622,2499,9.0,360,1.0,Semiurban,Y
LP100272,Female,No,0,Graduate,No,6848,0,9.0,360,1.0,Semiurban,Y
LP100273,Female,Yes,,Graduate,No,8308,2044,9.0,360,1.0,Urban,Y
LP100274,Male,Yes,0,Graduate,No,6543,1453,9.0,360,0.0,Semiurban,N
LP100275,Male,Yes,0,Graduate,No,14258,1130,9.0,360,1.0,Semiurban,Y
LP100276,Female,No,0,Graduate,Yes,5526,0,9.0,360,1.0,Urban,Y
LP100277,Male,No,0,Not Graduate,No,6119,0,9.0,360,1.0,Urban,Y
LP100278,Male,No,1,Not Graduate,No,5792,0,9.0,360,1.0,Urban,Y
LP100279,Female,Yes,0,Graduate,No,6727,1162,9.0,360,,Urban,Y
LP100280,Female,No,1,Not Graduate,No,4373,0,9.0,360,1.0,Urban,Y
LP100281,Male,Yes,2,Graduate,No,5831,3867,9.0,84,1.0,Semiurban,Y
LP100282,Male,Yes,2,Not Graduate,No,8278,4076,9.0,360,,Rural,N
LP100283,Male,No,,Graduate,Yes,8256,0,9.0,360,,Semiurban,N
LP100284,Male,Yes,3+,Graduate,No,7781,2065,9.0,,1.0,Urban,Y
LP100285,Male,Yes,0,Graduate,No,11510,1491,9.0,360,1.0,Urban,Y
LP100286,,Yes,0,Not Graduate,No,8399,2857,9.0,84,1.0,Semiurban,Y
LP100287,Male,Yes,0,Graduate,No,11365,1179,9.0,360,,Semiurban,Y
LP100288,Male,Yes,1,Graduate,No,15298,3258,9.0,360,0.0,Rural,Y
LP100289,Male,Yes,2,Graduate,No,9735,1404,9.0,360,1.0,Semiurban,Y
LP100290,Male,Yes,0,Graduate,No,4380,1860,9.0,360,1.0,Rural,N
LP100291,Male,No,3+,Graduate,No,7894,0,9.0,180,1.0,Urban,Y
LP100292,Female,No,0,Graduate,No,7473,0,9.0,360,1.0,Semiurban,Y
LP100293,Male,Yes,3+,Not Graduate,No,12310,1444,9.0,360,,Urban,Y
LP100294,Male,Yes,0,Graduate,No,6816,2654,9.0,360,1.0,Rural,Y
LP100295,Male,Yes,0,Graduate,No,5262,2991,9.0,360,0.0,Semiurban,Y
LP100296,Male,Yes,0,Graduate,No,5951,2716,9.0,300,,Urban,Y
LP100297,Male,Yes,0,Not Graduate,No,4436,1845,9.0,360,1.0,Urban,Y
LP100298,Male,Yes,0,Not Graduate,No,2421,3489,9.0,360,1.0,Urban,Y
LP100299,Male,Yes,0,Graduate,No,14286,1104,9.0,360,1.0,Semiurban,Y
LP100300,Male,Yes,2,Graduate,No,7149,1071,9.0,360,1.0,Urban,Y
LP100301,Male,Yes,0,Graduate,No,4579,2639,9.0,360,1.0,Semiurban,Y
LP100302,Male,Yes,0,Graduate,No,12746,1018,9.0,360,1.0,Urban,Y
LP100303,Male,No,1,Not Graduate,Yes,13599,0,9.0,360,1.0,Semiurban,Y
LP100304,Male,No,1,Graduate,No,7567,0,9.0,360,0.0,Rural,Y
LP100305,Female,Yes,0,Graduate,Yes,4300,3452,9.0,360,1.0,Rural,Y
LP100306,Male,No,0,Graduate,No,6002,0,9.0,84,0.0,Rural,N
LP100307,Male,Yes,0,Not Graduate,,6552,4648,9.0,360,1.0,Urban,Y
LP100308,Female,No,0,Graduate,,7237,0,9.0,360,1.0,Urban,Y
LP100309,Male,No,1,Graduate,,4776,0,9.0,360,1.0,Semiurban,Y
LP100310,Male,Yes,0,Graduate,,10036,1766,9.0,360,1.0,Urban,N
LP100311,Male,Yes,0,Not Graduate,No,3223,1296,9.0,360,0.0,Semiurban,N
LP100312,Male,Yes,1,Graduate,No,10654,1857,9.0,120,1.0,Urban,Y
LP100313,Female,Yes,0,Graduate,No,11517,936,9.0,360,1.0,Urban,Y
LP100314,Female,Yes,1,Graduate,Yes,6215,1476,9.0,360,1.0,Urban,Y
LP100315,Male,Yes,,Graduate,No,6935,3415,9.0,360,1.0,Rural,Y
LP100316,Male,Yes,3+,Graduate,No,12077,2419,9.0,360,1.0,Urban,Y
LP100317,Male,No,0,Graduate,No,9007,0,9.0,360,1.0,Semiurban,Y
LP100318,Male,No,2,Graduate,No,6294,0,9.0,360,1.0,Urban,N
LP100319,Male,Yes,1,Graduate,No,6565,4102,9.0,360,,Semiurban,Y
LP100320,Male,Yes,0,Graduate,Yes,8533,1587,9.0,360,1.0,Urban,Y
LP100321,Male,Yes,1,Not Graduate,No,13764,1011,9.0,360,1.0,Rural,N
LP100322,Male,Yes,,Graduate,No,6639,2929,,360,0.0,Rural,N
LP100323,Male,No,1,Not Graduate,No,6225,0,9.0,360,1.0,Urban,N
LP100324,Female,Yes,2,Graduate,Yes,7218,1791,9.0,360,0.0,Rural,N
LP100325,Male,Yes,2,Graduate,No,7234,4304,9.0,360,0.0,Rural,N
LP100326,Male,Yes,0,Graduate,No,7980,1863,9.0,360,1.0,Rural,Y
LP100327,Male,Yes,0,Graduate,No,6943,3607,9.0,360,1.0,Rural,Y
LP100328,Male,No,1,Graduate,No,10898,0,9.0,360,1.0,Urban,Y
LP100329,Male,No,0,Graduate,No,5121,0,9.0,360,1.0,Semiurban,Y
LP100330,Male,Yes,2,Graduate,No,8304,1713,9.0,360,1.0,Urban,Y
LP100331,Male,Yes,2,Not Graduate,No,8425,2838,9.0,360,1.0,Urban,Y
LP100332,Male,Yes,0,Graduate,No,5280,2223,9.0,360,1.0,Rural,Y
LP100333,Male,No,0,Not Graduate,No,8274,0,9.0,360,0.0,Urban,N
LP100334,Male,No,2,Graduate,,8507,0,9.0,300,1.0,Semiurban,Y
LP100335,Male,Yes,0,Graduate,No,2804,2207,9.0,,1.0,Rural,Y
LP100336,Female,Yes,2,Graduate,No,4951,1754,9.0,360,1.0,Rural,N
LP100337,Male,No,0,Graduate,No,12474,0,9.0,360,0.0,Rural,N
LP100338,Male,Yes,1,Graduate,No,5723,1998,9.0,360,1.0,Urban,Y
LP100339,Male,No,0,Graduate,No,4575,0,9.0,360,1.0,Urban,Y
LP100340,Male,Yes,1,Graduate,Yes,3567,3309,9.0,360,1.0,Semiurban,N
LP100341,Male,Yes,0,Graduate,No,4793,1375,9.0,360,1.0,Urban,Y
LP100342,Male,Yes,1,Graduate,,6836,1312,9.0,360,1.0,Urban,Y
LP100343,Male,Yes,0,Not Graduate,No,4463,685,9.0,360,1.0,Urban,Y
LP100344,Male,Yes,1,Not Graduate,No,9051,1504,9.0,360,1.0,Rural,Y
LP100345,Male,No,2,Graduate,No,5247,0,9.0,360,1.0,Semiurban,Y
LP100346,Male,Yes,0,Not Graduate,No,8002,434,9.0,360,1.0,Urban,N
LP100347,Male,Yes,0,Graduate,No,11766,1852,9.0,360,0.0,Semiurban,N
LP100348,Male,Yes,0,Graduate,No,11480,4511,9.0,360,1.0,Urban,Y
LP100349,Male,Yes,1,Not Graduate,No,7952,782,,,0.0,Urban,Y
LP100350,Male,Yes,1,Graduate,No,4684,2089,9.0,360,1.0,Rural,Y
LP100351,Female,Yes,0,Graduate,No,7008,1825,9.0,360,1.0,Semiurban,Y
LP100352,Male,No,0,Graduate,No,8048,0,9.0,360,1.0,Rural,Y
LP100353,Male,Yes,0,Graduate,No,16460,3191,9.0,120,1.0,Urban,Y
LP100354,Male,Yes,1,Graduate,No,3556,6368,9.0,84,1.0,Rural,Y
LP100355,Male,Yes,0,Not Graduate,No,7017,2471,9.0,360,1.0,Semiurban,Y
LP100356,Male,No,3+,Graduate,No,8930,0,9.0,360,1.0,Semiurban,Y
LP100357,Male,No,0,Graduate,No,7425,0,,360,1.0,Semiurban,Y
LP100358,Female,No,1,Not Graduate,No,7725,0,9.0,360,1.0,Rural,N
LP100359,Male,Yes,0,Graduate,No,5358,1400,9.0,360,0.0,Semiurban,N
LP100360,Male,Yes,0,Graduate,No,9970,5132,9.0,360,1.0,Semiurban,Y
LP100361,Male,Yes,1,Graduate,Yes,7235,3104,9.0,300,1.0,Rural,Y
LP100362,Male,Yes,1,Graduate,Yes,7715,633,9.0,360,1.0,Semiurban,Y
LP100363,Male,Yes,3+,Not Graduate,No,10372,2824,9.0,360,1.0,Semiurban,Y
LP100364,Female,Yes,0,Graduate,No,6364,1031,9.0,360,1.0,Semiurban,Y
LP100365,Male,Yes,0,Not Graduate,,11236,3172,9.0,120,,Semiurban,Y
LP100366,Female,Yes,1,Graduate,No,4411,3929,9.0,360,1.0,Urban,Y
LP100367,Female,No,1,Not Graduate,No,7877,0,9.0,360,,Semiurban,Y
LP100368,Male,Yes,0,Graduate,No,5241,1465,9.0,360,1.0,Rural,Y
LP100369,Male,Yes,,Not Graduate,No,4766,4690,9.0,180,1.0,Rural,Y
LP100370,Male,No,0,Graduate,No,13699,0,9.0,360,1.0,Urban,Y
LP100371,Male,Yes,2,Not Graduate,Yes,4490,1253,9.0,120,0.0,Semiurban,N
LP100372,Male,No,0,Graduate,No,7287,0,9.0,360,1.0,Urban,N
LP100373,Male,Yes,0,Graduate,Yes,4372,2027,9.0,,1.0,Rural,Y
LP100374,Male,Yes,0,Not Graduate,No,10967,2467,9.0,360,0.0,Rural,N
LP100375,Male,No,0,Graduate,No,6134,0,9.0,360,0.0,Semiurban,Y
LP100376,Female,No,0,Not Graduate,Yes,10351,0,,360,1.0,Rural,N
LP100377,Male,No,0,Graduate,No,8817,0,9.0,120,1.0,Semiurban,Y
LP100378,Female,Yes,0,Graduate,No,15446,4265,9.0,360,0.0,Semiurban,Y
LP100379,Male,Yes,2,Graduate,No,4074,1081,9.0,360,,Urban,Y
LP100380,Male,Yes,0,Graduate,No,4937,748,9.0,360,,Semiurban,Y
LP100381,Male,Yes,0,Graduate,Yes,10138,2980,9.0,360,1.0,Semiurban,Y
LP100382,Male,No,2,Graduate,No,8017,0,9.0,360,1.0,Semiurban,Y
LP100383,Female,Yes,1,Graduate,No,6531,3640,9.0,360,1.0,Urban,Y
LP100384,Male,No,0,Graduate,No,14272,0,9.0,360,1.0,Rural,Y
LP100385,Female,Yes,0,Graduate,No,7102,1433,9.0,360,1.0,Urban,Y
LP100386,Male,Yes,0,Graduate,No,5312,3005,9.0,60,0.0,Semiurban,N
LP100387,Male,Yes,1,Graduate,No,10399,2241,9.0,360,1.0,Semiurban,Y
LP100388,Male,No,3+,Graduate,No,7189,0,9.0,180,1.0,Semiurban,Y
LP100389,Female,No,1,Graduate,No,7394,0,9.0,360,1.0,Semiurban,Y
LP100390,Female,No,1,Not Graduate,No,9095,0,9.0,360,1.0,Urban,Y
LP100391,Male,No,1,Not Graduate,No,9228,0,9.0,360,1.0,Urban,Y
LP100392,Male,No,0,Graduate,No,4914,0,9.0,360,1.0,Semiurban,Y
LP100393,Male,No,0,Graduate,No,6395,0,9.0,120,1.0,Semiurban,Y
LP100394,Male,Yes,1,Not Graduate,No,4242,1761,9.0,360,1.0,Urban,N
LP100395,Female,Yes,3+,Graduate,No,8061,2420,9.0,360,1.0,Semiurban,Y
LP100396,Female,Yes,0,Graduate,No,13601,1557,9.0,120,1.0,Semiurban,Y
LP100397,Male,No,1,Graduate,No,4985,0,9.0,360,0.0,Semiurban,N
LP100398,Male,No,0,Not Graduate,Yes,3977,0,9.0,360,1.0,Rural,Y
LP100399,Male,Yes,0,Graduate,No,5615,2536,9.0,360,1.0,Urban,Y
LP100400,Male,No,0,Graduate,No,6510,0,9.0,120,1.0,Urban,Y
LP100401,Female,No,0,Not Graduate,Yes,9259,0,9.0,360,1.0,Rural,Y
LP100402,Male,Yes,2,Not Graduate,Yes,6266,2178,9.0,360,1.0,Semiurban,Y
LP100403,Female,Yes,0,Graduate,No,8115,2886,9.0,360,1.0,Semiurban,Y
LP100404,Male,No,1,Graduate,No,5908,0,9.0,60,1.0,Rural,Y
LP100405,Female,Yes,2,Not Graduate,No,6640,4991,9.0,360,1.0,Rural,N
LP100406,Male,No,3+,Graduate,No,5250,0,9.0,360,1.0,Rural,Y
LP100407,Male,Yes,0,Graduate,No,4680,1188,9.0,360,1.0,Semiurban,Y
LP100408,Female,No,0,Graduate,No,9384,0,9.0,300,1.0,Semiurban,Y
LP100409,Male,No,0,Not Graduate,No,6055,0,9.0,120,1.0,Semiurban,Y
LP100410,Male,No,3+,Graduate,,8334,0,,84,1.0,Urban,Y
LP100411,Female,Yes,3+,Not Graduate,,5221,1508,9.0,360,1.0,Semiurban,N
LP100412,Female,No,0,Not Graduate,No,7119,0,9.0,360,0.0,Urban,N
LP100413,Male,No,2,Graduate,No,3246,0,9.0,,0.0,Rural,N
LP100414,Male,Yes,0,Graduate,No,6218,3222,9.0,120,1.0,Semiurban,Y
LP100415,Male,No,1,Graduate,No,5417,0,9.0,360,1.0,Semiurban,Y
LP100416,Male,Yes,0,Graduate,No,10796,2676,9.0,360,1.0,Urban,Y
LP100417,Male,Yes,2,Graduate,No,4431,1080,,180,0.0,Urban,N
LP100418,Male,Yes,0,Graduate,No,6740,2476,9.0,360,1.0,Urban,Y
LP100419,Male,Yes,2,Graduate,No,8025,3781,9.0,360,1.0,Semiurban,Y
LP100420,Female,Yes,2,Not Graduate,No,10215,3353,9.0,360,1.0,Urban,Y
LP100421,Female,No,1,Graduate,No,9679,0,9.0,360,1.0,Semiurban,Y
LP100422,Male,Yes,0,Graduate,No,6934,2159,9.0,180,0.0,Rural,N
LP100423,Male,No,0,Graduate,No,7291,0,9.0,360,1.0,Rural,Y
LP100424,Male,Yes,0,Graduate,No,10792,4121,9.0,360,1.0,Semiurban,Y
LP100425,Male,Yes,0,Graduate,No,6886,2519,9.0,360,1.0,Urban,Y
LP100426,Male,Yes,0,Graduate,No,7576,2537,9.0,360,1.0,Rural,Y
LP100427,Female,No,3+,Graduate,Yes,10929,0,9.0,360,1.0,Rural,Y
LP100428,Male,Yes,1,Graduate,Yes,16329,1758,9.0,360,1.0,Urban,Y
LP100429,Male,Yes,0,Graduate,,7815,402,9.0,360,0.0,Semiurban,N
LP100430,Male,No,0,Graduate,No,8600,0,9.0,360,1.0,Urban,Y
LP100431,Male,Yes,,Graduate,No,9570,1987,9.0,360,1.0,Rural,Y
LP100432,Male,Yes,1,Not Graduate,No,10889,2498,9.0,360,,Rural,N
LP100433,Male,Yes,0,Graduate,No,10313,2834,9.0,120,,Urban,Y
LP100434,Male,No,3+,Graduate,No,5745,0,9.0,360,1.0,Rural,Y
LP100435,Male,Yes,0,Graduate,No,8007,2867,9.0,180,1.0,Semiurban,Y
LP100436,Male,No,3+,Graduate,No,10340,0,9.0,360,0.0,Rural,N
LP100437,Female,Yes,2,Graduate,No,11773,1808,9.0,360,,Semiurban,Y
LP100438,Male,No,0,Graduate,No,6744,0,,360,0.0,Rural,N
LP100439,Male,No,3+,Graduate,,7936,0,9.0,360,1.0,Urban,N
LP100440,Male,No,0,Graduate,No,8273,0,9.0,360,1.0,Urban,N
LP100441,Female,Yes,2,Graduate,No,7203,3116,9.0,360,,Urban,Y
LP100442,Male,No,0,Graduate,No,7861,0,9.0,84,1.0,Rural,Y
LP100443,Male,Yes,2,Graduate,,3191,2561,9.0,360,1.0,Rural,N
LP100444,Female,Yes,2,Not Graduate,Yes,20416,1826,9.0,360,1.0,Rural,Y
LP100445,Female,Yes,,Graduate,No,6643,3063,9.0,180,0.0,Rural,N
LP100446,Female,No,2,Graduate,Yes,6829,0,9.0,360,,Urban,Y
LP100447,Male,No,0,Graduate,No,3837,0,9.0,120,1.0,Semiurban,Y
LP100448,Male,No,0,Graduate,No,3628,0,9.0,360,1.0,Urban,Y
LP100449,Male,Yes,0,Graduate,Yes,8489,2053,9.0,60,1.0,Urban,Y
LP100450,Male,Yes,0,Graduate,No,10356,2464,9.0,360,1.0,Urban,Y
LP100451,Male,No,1,Graduate,No,9632,0,9.0,360,1.0,Semiurban,Y
LP100452,Male,Yes,0,Graduate,No,5216,1034,9.0,360,1.0,Urban,Y
LP100453,Female,Yes,3+,Graduate,No,9418,3481,9.0,360,1.0,Urban,Y
LP100454,Male,Yes,1,Graduate,No,6790,929,,360,1.0,Urban,Y
LP100455,Male,Yes,2,Graduate,Yes,6193,2997,9.0,360,1.0,Urban,Y
LP100456,Male,Yes,0,Graduate,No,4282,3050,9.0,360,1.0,Rural,Y
LP100457,,Yes,2,Graduate,No,5444,1578,9.0,360,1.0,Semiurban,Y
LP100458,Male,Yes,3+,Not Graduate,No,8563,1288,9.0,180,1.0,Rural,Y
LP100459,Male,Yes,0,Graduate,No,7976,1244,9.0,180,1.0,Semiurban,Y
LP100460,Male,No,1,Graduate,No,7547,0,9.0,360,,Urban,Y
LP100461,Male,Yes,2,Graduate,No,3140,3160,9.0,360,1.0,Rural,Y
LP100462,Male,Yes,0,Not Graduate,No,7576,1954,9.0,180,1.0,Urban,Y
LP100463,Male,No,0,Graduate,No,5714,0,9.0,360,,Urban,Y
LP100464,Female,Yes,0,Graduate,No,7997,1514,9.0,300,1.0,Urban,Y
LP100465,Male,No,0,Graduate,No,11016,0,9.0,300,,Urban,Y
LP100466,Male,No,0,Graduate,No,6017,0,9.0,360,1.0,Urban,Y
LP100467,Female,Yes,0,Graduate,No,7372,2905,9.0,120,1.0,Urban,Y
LP100468,Male,Yes,0,Graduate,No,14237,2334,9.0,360,0.0,Semiurban,N
LP100469,Female,No,0,Not Graduate,No,7850,0,9.0,360,1.0,Urban,Y
LP100470,Male,No,3+,Graduate,No,7042,0,9.0,360,1.0,Urban,Y
LP100471,Female,Yes,0,Graduate,,5246,1570,9.0,360,1.0,Rural,Y
LP100472,Male,Yes,3+,Not Graduate,No,9517,1226,9.0,180,0.0,Urban,N
LP100473,Female,Yes,0,Graduate,No,4933,2036,9.0,360,1.0,Urban,Y
LP100474,Male,No,0,Graduate,No,11204,0,9.0,360,1.0,Rural,Y
LP100475,Female,Yes,0,Graduate,No,9006,1521,9.0,360,0.0,Urban,N
LP100476,Male,No,0,Graduate,Yes,5785,0,9.0,360,1.0,Urban,Y
LP100477,Male,Yes,0,Graduate,No,5308,4449,9.0,300,1.0,Semiurban,Y
LP100478,Female,Yes,1,Not Graduate,No,5352,1434,9.0,360,1.0,Urban,Y
LP100479,Male,Yes,0,Graduate,No,3649,1064,9.0,360,1.0,Semiurban,Y
LP100480,Male,Yes,1,Graduate,No,8413,1361,9.0,360,1.0,Rural,Y
LP100481,Male,Yes,1,Graduate,No,3259,3664,9.0,360,1.0,Urban,Y
LP100482,Male,Yes,0,Not Graduate,No,6880,3713,9.0,360,1.0,Semiurban,Y
LP100483,Male,Yes,0,Not Graduate,Yes,6719,4479,9.0,360,1.0,Semiurban,Y
LP100484,Male,No,2,Not Graduate,No,6295,0,9.0,360,1.0,Urban,Y
LP100485,Female,Yes,0,Graduate,No,8392,2817,9.0,360,1.0,Semiurban,Y
LP100486,Male,Yes,0,Graduate,No,5791,1276,9.0,180,1.0,Urban,Y
LP100487,Male,No,3+,Graduate,No,7583,0,9.0,,0.0,Semiurban,N
LP100488,Female,No,0,Graduate,No,11203,0,9.0,360,1.0,Urban,Y
LP100489,Female,No,1,Graduate,Yes,8761,0,9.0,360,1.0,Semiurban,Y
LP100490,Male,No,3+,Graduate,No,6097,0,9.0,120,,Urban,Y
LP100491,Male,Yes,0,Graduate,No,7120,2120,9.0,180,1.0,Rural,Y
LP100492,Male,Yes,0,Graduate,,6298,3135,9.0,300,1.0,Urban,Y
LP100493,Male,No,0,Graduate,No,6685,0,9.0,360,1.0,Semiurban,Y
LP100494,Male,No,0,Graduate,No,7668,0,9.0,84,1.0,Semiurban,Y
LP100495,,Yes,,Graduate,No,4217,1682,9.0,360,1.0,Semiurban,Y
LP100496,Male,No,1,Graduate,No,3892,0,9.0,360,1.0,Semiurban,Y
LP100497,Male,Yes,0,Graduate,No,5090,953,9.0,84,1.0,Semiurban,Y
LP100498,Female,Yes,0,Graduate,No,8540,1525,9.0,360,1.0,Rural,Y
LP100499,Female,Yes,3+,Graduate,No,8975,4375,9.0,360,1.0,Rural,N
LP100500,Male,Yes,2,Graduate,No,9476,866,9.0,360,1.0,Urban,Y
LP100501,Male,Yes,1,Graduate,No,5160,2422,9.0,360,1.0,Semiurban,Y
LP100502,Male,Yes,0,Not Graduate,No,7357,4430,9.0,300,1.0,Rural,Y
LP100503,Female,No,1,Graduate,No,6165,0,9.0,360,1.0,Rural,Y
LP100504,Male,Yes,0,Graduate,No,6785,5129,9.0,360,1.0,Rural,Y
LP100505,Male,Yes,0,Graduate,No,6126,2557,9.0,360,0.0,Urban,N
LP100506,Female,No,0,Graduate,No,7828,0,9.0,360,1.0,Urban,Y
LP100507,Female,No,2,Graduate,No,5536,0,9.0,360,1.0,Semiurban,Y
LP100508,Female,No,0,Graduate,No,10720,0,9.0,360,0.0,Semiurban,N
LP100509,Male,,0,Not Graduate,No,10757,0,9.0,360,1.0,Semiurban,Y
LP100510,Male,No,0,Graduate,No,8441,0,9.0,360,1.0,Semiurban,Y
LP100511,Male,Yes,0,Not Graduate,No,10238,360,9.0,300,1.0,Rural,Y
LP100512,Female,Yes,2,Graduate,No,4162,1587,9.0,360,1.0,Urban,N
LP100513,Female,Yes,1,Graduate,No,10960,2925,9.0,360,1.0,Rural,Y
LP100514,Male,Yes,2,Not Graduate,No,8143,2137,9.0,360,1.0,Semiurban,Y
LP100515,Male,Yes,0,Graduate,No,5654,4177,9.0,360,1.0,Urban,Y
LP100516,Male,No,0,Graduate,No,5454,0,9.0,180,1.0,Semiurban,Y
LP100517,Female,Yes,0,Graduate,No,12391,777,9.0,84,,Rural,Y
LP100518,Female,Yes,0,Graduate,No,9533,2243,9.0,360,1.0,Urban,N
LP100519,Male,Yes,0,Graduate,Yes,6720,1316,9.0,120,1.0,Urban,Y
LP100520,Male,No,2,Graduate,No,4146,0,9.0,360,1.0,Rural,Y
LP100521,Male,Yes,0,Graduate,Yes,11176,822,9.0,360,1.0,Urban,Y
LP100522,Female,No,0,Graduate,No,4692,0,9.0,360,1.0,Semiurban,Y
LP100523,Female,Yes,0,Graduate,No,6205,4225,9.0,360,1.0,Semiurban,Y
LP100524,Female,Yes,0,Graduate,No,6717,2589,9.0,360,1.0,Semiurban,Y
LP100525,Male,Yes,0,Graduate,No,5425,784,9.0,300,,Semiurban,Y
LP100526,Male,No,3+,Graduate,No,6609,0,9.0,360,1.0,Urban,Y
LP100527,Male,Yes,2,Graduate,No,7082,2860,9.0,300,1.0,Semiurban,Y
LP100528,Male,No,3+,Graduate,No,6559,0,9.0,180,,Urban,Y
LP100529,Female,Yes,0,Not Graduate,No,7970,2563,9.0,360,1.0,Semiurban,Y
LP100530,Female,Yes,0,Graduate,Yes,12573,1386,9.0,360,1.0,Urban,Y
LP100531,Female,No,,Graduate,No,4214,0,9.0,360,1.0,Semiurban,Y
LP100532,Female,No,0,Graduate,No,7519,0,9.0,84,1.0,Urban,Y
LP100533,Male,No,,Graduate,,4710,0,9.0,360,0.0,Urban,N
LP100534,Male,No,0,Graduate,No,4078,0,9.0,360,1.0,Urban,Y
LP100535,Female,No,0,Not Graduate,No,9941,0,9.0,360,0.0,Urban,N
LP100536,,No,0,Graduate,No,7754,0,9.0,360,0.0,Rural,N
LP100537,Male,No,0,Not Graduate,No,3992,0,9.0,360,1.0,Urban,N
LP100538,Male,No,1,Not Graduate,Yes,6606,0,9.0,360,1.0,Rural,Y
LP100539,Male,No,0,Not Graduate,No,3551,0,9.0,360,1.0,Rural,Y
LP100540,Female,Yes,0,Not Graduate,No,5095,2960,9.0,,0.0,Semiurban,N
LP100541,Male,No,0,Graduate,No,3118,0,9.0,360,1.0,Urban,Y
LP100542,Male,Yes,0,Graduate,No,6690,2395,9.0,360,0.0,Urban,N
LP100543,Male,,2,Graduate,No,9095,0,9.0,360,,Rural,Y
LP100544,Male,No,2,Graduate,No,8750,0,9.0,360,1.0,Urban,Y
LP100545,Male,Yes,3+,Graduate,,6142,2963,9.0,360,,Urban,N
LP100546,Male,,2,Graduate,No,10119,0,9.0,360,1.0,Semiurban,Y
LP100547,Male,Yes,0,Graduate,No,11545,9331,9.0,360,1.0,Rural,Y
LP100548,Male,Yes,1,Graduate,No,9151,1626,9.0,360,1.0,Rural,Y
LP100549,Male,No,0,Graduate,No,5779,0,9.0,360,1.0,Urban,Y
LP100550,Male,Yes,0,Graduate,No,6770,3241,9.0,360,1.0,Semiurban,Y
LP100551,Female,No,2,Graduate,Yes,12416,0,9.0,360,1.0,Urban,Y
LP100552,Male,No,0,Not Graduate,No,6306,0,9.0,180,1.0,Urban,N
LP100553,Male,Yes,2,Graduate,Yes,8760,1954,9.0,180,1.0,Rural,Y
LP100554,Female,Yes,0,Graduate,No,5399,4977,9.0,180,1.0,Urban,Y
LP100555,Male,Yes,1,Graduate,No,10146,3242,9.0,360,1.0,Urban,Y
LP100556,Male,Yes,1,Graduate,No,5183,2235,9.0,360,,Urban,Y
LP100557,Male,No,2,Graduate,No,6876,0,9.0,360,,Rural,Y
LP100558,Male,Yes,1,Graduate,No,8645,6068,9.0,360,1.0,Rural,Y
LP100559,Male,Yes,1,Graduate,No,13419,2059,9.0,360,1.0,Semiurban,Y
LP100560,Male,Yes,0,Graduate,No,7702,1310,9.0,360,1.0,Semiurban,Y
LP100561,Male,Yes,0,Graduate,No,6446,6705,9.0,180,1.0,Urban,Y
LP100562,Male,No,0,Graduate,Yes,6272,0,,360,1.0,Semiurban,Y
LP100563,Male,Yes,1,Graduate,No,9976,4297,,360,1.0,Urban,Y
LP100564,Male,No,0,Graduate,No,8386,0,9.0,360,1.0,Urban,Y
LP100565,Male,Yes,1,Graduate,No,9027,3238,9.0,360,1.0,Semiurban,Y
LP100566,Male,No,0,Not Graduate,No,12068,0,9.0,360,0.0,Rural,N
LP100567,Male,Yes,0,Graduate,No,7257,3212,9.0,120,0.0,Urban,N
LP100568,Female,Yes,1,Graduate,Yes,8168,7039,9.0,360,1.0,Urban,Y
LP100569,Male,No,0,Graduate,No,6242,0,9.0,180,1.0,Urban,Y
LP100570,Male,Yes,0,Graduate,,5327,1356,9.0,360,0.0,Urban,N
LP100571,Female,No,0,Graduate,No,5691,0,9.0,300,1.0,Rural,Y
LP100572,Male,No,3+,Graduate,No,2908,0,9.0,360,1.0,Semiurban,Y
LP100573,Male,Yes,1,Not Graduate,No,8613,3408,9.0,360,1.0,Semiurban,N
LP100574,Female,Yes,0,Graduate,No,8285,3861,9.0,360,,Rural,Y
LP100575,Female,No,0,Graduate,No,8545,0,9.0,180,0.0,Urban,N
LP100576,Male,Yes,0,Graduate,No,5204,2105,9.0,60,1.0,Semiurban,Y
LP100577,Female,Yes,2,Graduate,Yes,5726,3235,,360,,Semiurban,Y
LP100578,Male,Yes,1,Graduate,No,5660,2626,9.0,360,1.0,Semiurban,Y
LP100579,Male,Yes,0,Graduate,No,10523,906,9.0,300,1.0,Rural,Y
LP100580,Male,Yes,0,Graduate,No,7597,978,9.0,360,0.0,Rural,N
LP100581,Female,No,0,Graduate,No,7229,0,9.0,360,1.0,Semiurban,Y
LP100582,Male,No,1,Graduate,Yes,9339,0,9.0,360,1.0,Rural,Y
LP100583,Male,No,2,Not Graduate,No,5667,0,9.0,360,1.0,Urban,N
LP100584,Male,No,0,Graduate,No,8095,0,9.0,180,0.0,Urban,N
LP100585,Male,Yes,0,Not Graduate,No,14117,2175,9.0,180,1.0,Urban,Y
LP100586,Male,No,0,Graduate,Yes,11156,0,9.0,360,1.0,Urban,Y
LP100587,Male,Yes,3+,Not Graduate,No,8050,934,9.0,360,1.0,Semiurban,Y
LP100588,Male,Yes,0,Graduate,No,7328,1859,9.0,120,,Semiurban,Y
LP100589,Male,Yes,2,Not Graduate,No,8518,3033,9.0,,1.0,Rural,Y
LP100590,Male,Yes,1,Not Graduate,No,11752,678,9.0,300,1.0,Semiurban,Y
LP100591,Male,No,0,Graduate,No,11427,0,9.0,360,1.0,Semiurban,Y
LP100592,Male,No,0,Not Graduate,No,12520,0,9.0,360,1.0,Urban,N
LP100593,Male,Yes,0,Graduate,No,7754,1081,9.0,300,1.0,Urban,N
LP100594,Female,Yes,1,Graduate,No,3251,2316,9.0,360,1.0,Semiurban,Y
LP100595,Male,No,2,Graduate,No,13712,0,9.0,360,,Semiurban,Y
LP100596,Male,Yes,1,Graduate,No,5322,6839,9.0,360,1.0,Rural,Y
LP100597,Male,Yes,0,Graduate,No,3381,2246,9.0,360,1.0,Urban,Y
LP100598,Male,Yes,0,Graduate,No,9281,1330,9.0,360,1.0,Urban,Y
LP100599,Male,No,3+,Graduate,No,3271,0,9.0,84,1.0,Semiurban,Y
LP100600,Male,No,2,Graduate,No,7174,0,9.0,180,1.0,Urban,Y
LP100601,Male,Yes,0,Not Graduate,Yes,3256,783,9.0,360,0.0,Urban,N
LP100602,Male,Yes,3+,Graduate,Yes,6310,5224,9.0,360,1.0,Semiurban,N
LP100603,Male,No,1,Graduate,No,12532,0,9.0,360,0.0,Urban,N
LP100604,Male,No,1,Graduate,No,8088,0,9.0,360,1.0,Semiurban,N
LP100605,Male,Yes,1,Graduate,Yes,7147,1280,9.0,360,1.0,Urban,Y
LP100606,Male,No,2,Graduate,No,8417,0,9.0,180,1.0,Urban,Y
LP100607,Male,Yes,1,Graduate,No,2608,3779,9.0,360,1.0,Urban,Y
LP100608,Male,Yes,0,Graduate,No,5621,2858,9.0,120,1.0,Rural,Y
LP100609,Male,No,0,Not Graduate,No,5927,0,9.0,360,1.0,Semiurban,N
LP100610,Male,Yes,3+,Graduate,Yes,8907,2408,9.0,360,0.0,Semiurban,Y
LP100611,Female,Yes,0,Graduate,No,4915,1016,9.0,360,,Urban,Y
LP100612,Male,Yes,0,Graduate,No,7631,2241,9.0,360,0.0,Rural,N
LP100613,Male,Yes,0,Graduate,No,6898,2082,9.0,360,0.0,Urban,N
